Operacion,Descripcion
a + b,suma a y b
a - b,resta a menos b
a / b,a dividido entre b
a // b,a dividido entre b (quitando decimales)
a * b,a multiplicado por b
a ** b,a elevado a b
a % b,devuelve el resto de la division a / b (modulus)
a & b,"bool: True si a y b son True
 int: bitwise AND"
a | b,"bool: True si a o b esTrue
 int: bitwise OR"
a ^ b,"bool: True si solo uno de los dos es True
 int: bitwise EXCLUSIVE OR"
a == b,True si a y b son iguales
a != b,True si a y b son distintos
a is b,True si a y b son referencias al mismo objeto
a is not b,True si a y b son referencias a distintos objetos
"a <= b, a < b",True si a es menor o igual que b (o solo menor)
"a >= b, a > b",True si a es mayor o igual que b (o solo mayor)
